n,firm,city,website
1,BRIBURN,Portland,https://briburn.com
2,RDS Architects,Portland,https://rdsarchs.com
3,Ryan Senatore Architecture,Portland,http://senatorearchitecture.com
4,Casco Bay Design Workshop,Portland,https://www.cascobaydesignworkshop.com
5,Ervin Architecture,Bangor,https://ervinarchitecture.com
6,Providence Architecture & Building Co.,Providence,https://pvd-abc.com
7,Jonathan Chambers Architects,Providence,https://www.jcari.com
8,studioblue Architecture,Burlington,https://www.studiobluearchitecture.com
9,G4 Design Studios,Burlington,https://www.g4designstudios.com
10,Gabriel Stadecker Architect,Burlington,https://www.stadecker.com
